scenario,call,micros,files,scan_micros,loadavg
none,0,23643,0,0,43.75
none,1,14625,0,0,43.75
none,2,15157,0,0,43.75
none,3,14554,0,0,43.75
none,4,14259,0,0,43.75
none,5,14004,0,0,43.75
none,6,14296,0,0,43.75
none,7,14298,0,0,43.75
none,8,15023,0,0,43.75
none,9,13928,0,0,43.75
none,10,14874,0,0,43.75
none,11,13731,0,0,43.75
none,12,15067,0,0,43.75
none,13,14408,0,0,43.75
none,14,14220,0,0,43.75
none,15,13971,0,0,43.75
none,16,14718,0,0,43.75
none,17,19384,0,0,43.75
none,18,14396,0,0,43.75
none,19,13981,0,0,43.75
realistic,0,23891,49,10,43.75
realistic,1,16897,49,10,43.75
realistic,2,16264,49,11,43.75
realistic,3,16245,49,11,43.75
realistic,4,15981,49,14,43.75
realistic,5,15136,49,10,43.75
realistic,6,16115,49,10,43.75
realistic,7,16639,49,10,43.75
realistic,8,18979,49,10,43.75
realistic,9,18210,49,10,43.75
realistic,10,19829,49,10,43.75
realistic,11,18323,49,10,43.75
realistic,12,18358,49,10,43.75
realistic,13,25300,49,10,43.75
realistic,14,22533,49,11,43.75
realistic,15,21365,49,10,43.75
realistic,16,17207,49,10,43.75
realistic,17,37164,49,10,43.75
realistic,18,19990,49,10,43.75
realistic,19,28620,49,11,43.75
large,0,28830,449,45,43.75
large,1,26805,449,45,43.75
large,2,21968,449,46,43.75
large,3,20944,449,46,43.75
large,4,22162,449,46,43.75
large,5,20009,449,45,43.75
large,6,21964,449,45,43.75
large,7,21921,449,45,43.75
large,8,20695,449,45,43.75
large,9,24918,449,46,43.75
large,10,31886,449,87,43.75
large,11,44185,449,46,43.75
large,12,23536,449,46,43.75
large,13,45548,449,46,43.75
large,14,19814,449,45,43.75
large,15,23247,449,46,43.75
large,16,32939,449,46,43.75
large,17,29910,449,46,43.75
large,18,20193,449,45,43.75
large,19,22310,449,45,43.75
none,0,26803,0,0,37.60
none,1,25529,0,0,37.60
none,2,30811,0,0,37.60
none,3,23321,0,0,37.60
none,4,18639,0,0,37.60
none,5,18756,0,0,37.60
none,6,64268,0,0,37.60
none,7,35310,0,0,37.60
none,8,50183,0,0,37.60
none,9,87736,0,0,37.60
none,10,30418,0,0,37.60
none,11,24466,0,0,37.60
none,12,26443,0,0,37.60
none,13,62134,0,0,37.60
none,14,103003,0,0,37.60
none,15,22708,0,0,37.60
none,16,19121,0,0,37.60
none,17,21838,0,0,37.60
none,18,25154,0,0,37.60
none,19,41735,0,0,37.60
realistic,0,31708,49,11,37.60
realistic,1,25388,49,11,37.60
realistic,2,25771,49,10,37.60
realistic,3,22213,49,10,37.60
realistic,4,20301,49,11,37.60
realistic,5,20923,49,11,37.60
realistic,6,19155,49,10,37.60
realistic,7,24584,49,11,37.60
realistic,8,38534,49,11,37.60
realistic,9,42073,49,10,37.60
realistic,10,45667,49,10,37.60
realistic,11,31638,49,10,37.60
realistic,12,47038,49,10,37.60
realistic,13,75037,49,10,37.60
realistic,14,31096,49,11,37.60
realistic,15,50820,49,10,37.60
realistic,16,40389,49,10,37.60
realistic,17,31799,49,11,37.60
realistic,18,33959,49,10,37.60
realistic,19,46751,49,10,37.60
large,0,48857,449,45,37.60
large,1,33615,449,45,37.60
large,2,37606,449,46,37.60
large,3,68358,449,45,37.60
large,4,46692,449,49,37.60
large,5,52428,449,47,37.60
large,6,56094,449,46,37.60
large,7,27488,449,46,37.60
large,8,26427,449,181,37.60
large,9,42902,449,46,37.60
large,10,24236,449,47,37.60
large,11,46256,449,46,37.60
large,12,40821,449,46,37.60
large,13,54968,449,80,37.60
large,14,45705,449,46,37.60
large,15,158396,449,116,37.60
large,16,42341,449,45,37.60
large,17,39451,449,45,37.60
large,18,37100,449,45,37.60
large,19,43560,449,46,37.60
none,0,77157,0,0,39.51
none,1,39829,0,0,39.51
none,2,27202,0,0,39.51
none,3,25646,0,0,39.51
none,4,44812,0,0,39.51
none,5,42866,0,0,39.51
none,6,44943,0,0,39.51
none,7,24670,0,0,39.51
none,8,40620,0,0,39.51
none,9,42756,0,0,39.51
none,10,23536,0,0,39.51
none,11,34458,0,0,39.51
none,12,35810,0,0,39.51
none,13,46180,0,0,39.51
none,14,21127,0,0,39.51
none,15,45133,0,0,39.51
none,16,31472,0,0,39.51
none,17,26974,0,0,39.51
none,18,29708,0,0,39.51
none,19,23809,0,0,39.51
realistic,0,36604,49,10,39.51
realistic,1,29812,49,11,39.51
realistic,2,26984,49,10,39.51
realistic,3,33724,49,10,39.51
realistic,4,30714,49,10,39.51
realistic,5,22999,49,10,39.51
realistic,6,29838,49,10,39.51
realistic,7,27012,49,10,39.51
realistic,8,28572,49,10,39.51
realistic,9,44308,49,11,39.51
realistic,10,31894,49,10,39.51
realistic,11,32561,49,14,39.51
realistic,12,26775,49,11,39.51
realistic,13,32449,49,19,39.51
realistic,14,26879,49,11,39.51
realistic,15,25500,49,10,39.51
realistic,16,22828,49,10,39.51
realistic,17,25549,49,10,39.51
realistic,18,96568,49,11,39.51
realistic,19,42035,49,10,39.51
large,0,36204,449,48,39.51
large,1,33000,449,48,39.51
large,2,83585,449,45,39.51
large,3,35286,449,46,39.51
large,4,47524,449,45,39.51
large,5,71826,449,48,39.51
large,6,49864,449,45,39.51
large,7,47747,449,46,39.51
large,8,49682,449,46,39.51
large,9,92231,449,45,39.51
large,10,156012,449,47,39.51
large,11,46833,449,47,39.51
large,12,49679,449,47,39.51
large,13,65857,449,48,39.51
large,14,76770,449,45,39.51
large,15,119545,449,47,39.51
large,16,39788,449,47,39.51
large,17,29253,449,45,39.51
large,18,29386,449,46,39.51
large,19,24216,449,45,39.51
none,0,31922,0,0,10.46
none,1,17684,0,0,10.46
none,2,14310,0,0,10.46
none,3,13844,0,0,10.46
none,4,14451,0,0,10.46
none,5,15298,0,0,10.46
none,6,14729,0,0,10.46
none,7,15582,0,0,10.46
none,8,15741,0,0,10.46
none,9,14684,0,0,10.46
none,10,14936,0,0,10.46
none,11,16949,0,0,10.46
none,12,16431,0,0,10.46
none,13,15279,0,0,10.46
none,14,14915,0,0,10.46
none,15,15651,0,0,10.46
none,16,15238,0,0,10.46
none,17,14170,0,0,10.46
none,18,14431,0,0,10.46
none,19,14566,0,0,10.46
none,20,14809,0,0,10.46
none,21,14769,0,0,10.46
none,22,14730,0,0,10.46
none,23,14854,0,0,10.46
none,24,16530,0,0,10.46
none,25,17498,0,0,10.46
none,26,23958,0,0,10.46
none,27,16332,0,0,10.46
none,28,15444,0,0,10.46
none,29,14966,0,0,10.46
realistic,0,23692,12,3,10.46
realistic,1,17498,12,3,10.46
realistic,2,21153,12,2,10.46
realistic,3,19544,12,3,10.46
realistic,4,24314,12,3,10.46
realistic,5,21633,12,3,10.46
realistic,6,24453,12,3,10.46
realistic,7,18682,12,2,10.46
realistic,8,26252,12,3,10.46
realistic,9,18988,12,3,10.46
realistic,10,16291,12,3,10.46
realistic,11,17054,12,3,10.46
realistic,12,17069,12,3,10.46
realistic,13,17639,12,3,10.46
realistic,14,18573,12,3,10.46
realistic,15,18886,12,2,10.46
realistic,16,20888,12,3,10.46
realistic,17,25139,12,3,10.46
realistic,18,27174,12,3,10.46
realistic,19,26538,12,3,10.46
realistic,20,26067,12,3,10.46
realistic,21,19300,12,3,10.46
realistic,22,19539,12,2,10.46
realistic,23,19782,12,3,10.46
realistic,24,25220,12,3,10.46
realistic,25,28069,12,3,10.46
realistic,26,17948,12,3,10.46
realistic,27,18955,12,3,10.46
realistic,28,17949,12,3,10.46
realistic,29,19695,12,3,10.46
large,0,21294,412,37,10.46
large,1,16071,412,36,10.46
large,2,17330,412,36,10.46
large,3,16130,412,36,10.46
large,4,18248,412,38,10.46
large,5,20044,412,37,10.46
large,6,22129,412,38,10.46
large,7,24321,412,38,10.46
large,8,25085,412,37,10.46
large,9,22659,412,37,10.46
large,10,19531,412,37,10.46
large,11,24083,412,37,10.46
large,12,19203,412,37,10.46
large,13,17534,412,36,10.46
large,14,17539,412,37,10.46
large,15,17590,412,37,10.46
large,16,17732,412,37,10.46
large,17,17427,412,37,10.46
large,18,18027,412,37,10.46
large,19,19813,412,37,10.46
large,20,18473,412,36,10.46
large,21,15780,412,36,10.46
large,22,16542,412,37,10.46
large,23,16916,412,37,10.46
large,24,16341,412,38,10.46
large,25,16300,412,36,10.46
large,26,16586,412,37,10.46
large,27,17960,412,37,10.46
large,28,19855,412,38,10.46
large,29,19645,412,38,10.46
